<?xml version="1.0" encoding="UTF-8"?>
<server description="Open Liberty Setup">

	<featureManager>
		<feature>jaxrs-2.1</feature>
		<feature>jsonp-1.1</feature>
		<feature>jsonb-1.0</feature>
		<feature>cdi-2.0</feature>
		<feature>websocket-1.1</feature>
		<!-- Reactive messaging and reactive streams -->
		<feature>mpReactiveMessaging-1.0</feature>
		<feature>mpReactiveStreams-1.0</feature>
	</featureManager>

	<httpEndpoint id="defaultHttpEndpoint" host="*"
		httpPort="9080" httpsPort="9443" />

	<applicationManager autoExpand="true" />

	<webApplication location="AuctionMS.war" contextRoot="/" />

</server>
