<?xml version="1.0" encoding="UTF-8"?>
<server description="Open Liberty Setup">

	<featureManager>
		<feature>jaxrs-2.1</feature>
		<feature>jsonp-1.1</feature>
		<feature>jsonb-1.0</feature>
		<feature>cdi-2.0</feature>
		<feature>mpConfig-1.4</feature>
		<feature>mpRestClient-1.4</feature>
	</featureManager>

	<httpEndpoint id="defaultHttpEndpoint" host="*" httpPort="9080" httpsPort="9443" />

	<applicationManager autoExpand="true" />

	<webApplication location="WeatherMS.war" contextRoot="/" />

</server>
